[
{"type": "club", "href": "/sc-internacional-porto-alegre/startseite/verein/6600", "parent": {"type": "competition", "country_id": "26", "country_name": "Brazil", "country_code": "BRA1", "competition_type": "first_tier", "href": "/campeonato-brasileiro-serie-a/startseite/wettbewerb/BRA1", "seasoned_href": "https://www.transfermarkt.co.uk/campeonato-brasileiro-serie-a/startseite/wettbewerb/BRA1/plus/0?saison_id=2022"}, "total_market_value": "95.65", "squad_size": "29", "average_age": "27.9", "foreigners_number": "9", "foreigners_percentage": "31.0 %", "national_team_players": "5", "stadium_name": "Est\u00e1dio Beira-Rio", "stadium_seats": "50.848 Seats", "net_transfer_record": "\u20ac-4.09m", "coach_name": null, "code": "sc-internacional-porto-alegre", "name": "Sport Club Internacional"},
{"type": "club", "href": "/fluminense-rio-de-janeiro/startseite/verein/2462", "parent": {"type": "competition", "country_id": "26", "country_name": "Brazil", "country_code": "BRA1", "competition_type": "first_tier", "href": "/campeonato-brasileiro-serie-a/startseite/wettbewerb/BRA1", "seasoned_href": "https://www.transfermarkt.co.uk/campeonato-brasileiro-serie-a/startseite/wettbewerb/BRA1/plus/0?saison_id=2022"}, "total_market_value": "109.95", "squad_size": "35", "average_age": "27.9", "foreigners_number": "4", "foreigners_percentage": "11.4 %", "national_team_players": "2", "stadium_name": "Est\u00e1dio Jornalista M\u00e1rio Filho", "stadium_seats": "82.238 Seats", "net_transfer_record": "+\u20ac4.72m", "coach_name": null, "code": "fluminense-rio-de-janeiro", "name": "Fluminense Football Club"},
{"type": "club", "href": "/fc-santos/startseite/verein/221", "parent": {"type": "competition", "country_id": "26", "country_name": "Brazil", "country_code": "BRA1", "competition_type": "first_tier", "href": "/campeonato-brasileiro-serie-a/startseite/wettbewerb/BRA1", "seasoned_href": "https://www.transfermarkt.co.uk/campeonato-brasileiro-serie-a/startseite/wettbewerb/BRA1/plus/0?saison_id=2022"}, "total_market_value": "35.45", "squad_size": "38", "average_age": "27.0", "foreigners_number": "8", "foreigners_percentage": "21.1 %", "national_team_players": "3", "stadium_name": "Est\u00e1dio Urbano Caldeira", "stadium_seats": "16.068 Seats", "net_transfer_record": "+\u20ac42.33m", "coach_name": null, "code": "fc-santos", "name": "Santos FC"},
{"type": "club", "href": "/botafogo-rio-de-janeiro/startseite/verein/537", "parent": {"type": "competition", "country_id": "26", "country_name": "Brazil", "country_code": "BRA1", "competition_type": "first_tier", "href": "/campeonato-brasileiro-serie-a/startseite/wettbewerb/BRA1", "seasoned_href": "https://www.transfermarkt.co.uk/campeonato-brasileiro-serie-a/startseite/wettbewerb/BRA1/plus/0?saison_id=2022"}, "total_market_value": "69.90", "squad_size": "35", "average_age": "26.7", "foreigners_number": "10", "foreigners_percentage": "28.6 %", "national_team_players": "4", "stadium_name": "Est\u00e1dio Ol\u00edmpico Nilton Santos", "stadium_seats": "46.931 Seats", "net_transfer_record": "\u20ac-14.33m", "coach_name": null, "code": "botafogo-rio-de-janeiro", "name": "Botafogo de Futebol e Regatas"},
{"type": "club", "href": "/corinthians-sao-paulo/startseite/verein/199", "parent": {"type": "competition", "country_id": "26", "country_name": "Brazil", "country_code": "BRA1", "competition_type": "first_tier", "href": "/campeonato-brasileiro-serie-a/startseite/wettbewerb/BRA1", "seasoned_href": "https://www.transfermarkt.co.uk/campeonato-brasileiro-serie-a/startseite/wettbewerb/BRA1/plus/0?saison_id=2022"}, "total_market_value": "109.30", "squad_size": "34", "average_age": "24.8", "foreigners_number": "6", "foreigners_percentage": "17.6 %", "national_team_players": "2", "stadium_name": "Neo Qu\u00edmica Arena", "stadium_seats": "49.205 Seats", "net_transfer_record": "+\u20ac38.03m", "coach_name": null, "code": "corinthians-sao-paulo", "name": "Sport Club Corinthians Paulista"},
{"type": "club", "href": "/gremio-porto-alegre/startseite/verein/210", "parent": {"type": "competition", "country_id": "26", "country_name": "Brazil", "country_code": "BRA1", "competition_type": "first_tier", "href": "/campeonato-brasileiro-serie-a/startseite/wettbewerb/BRA1", "seasoned_href": "https://www.transfermarkt.co.uk/campeonato-brasileiro-serie-a/startseite/wettbewerb/BRA1/plus/0?saison_id=2022"}, "total_market_value": "75.00", "squad_size": "33", "average_age": "27.2", "foreigners_number": "10", "foreigners_percentage": "30.3 %", "national_team_players": "3", "stadium_name": "Arena do Gr\u00eamio", "stadium_seats": "60.540 Seats", "net_transfer_record": "+\u20ac11.94m", "coach_name": null, "code": "gremio-porto-alegre", "name": "Gr\u00eamio Foot-Ball Porto Alegrense"},
{"type": "club", "href": "/fc-sao-paulo/startseite/verein/585", "parent": {"type": "competition", "country_id": "26", "country_name": "Brazil", "country_code": "BRA1", "competition_type": "first_tier", "href": "/campeonato-brasileiro-serie-a/startseite/wettbewerb/BRA1", "seasoned_href": "https://www.transfermarkt.co.uk/campeonato-brasileiro-serie-a/startseite/wettbewerb/BRA1/plus/0?saison_id=2022"}, "total_market_value": "89.85", "squad_size": "33", "average_age": "26.3", "foreigners_number": "8", "foreigners_percentage": "24.2 %", "national_team_players": "6", "stadium_name": "MorumBIS", "stadium_seats": "72.039 Seats", "net_transfer_record": "+\u20ac7.46m", "coach_name": null, "code": "fc-sao-paulo", "name": "S\u00e3o Paulo Futebol Clube"},
{"type": "club", "href": "/se-palmeiras-sao-paulo/startseite/verein/1023", "parent": {"type": "competition", "country_id": "26", "country_name": "Brazil", "country_code": "BRA1", "competition_type": "first_tier", "href": "/campeonato-brasileiro-serie-a/startseite/wettbewerb/BRA1", "seasoned_href": "https://www.transfermarkt.co.uk/campeonato-brasileiro-serie-a/startseite/wettbewerb/BRA1/plus/0?saison_id=2022"}, "total_market_value": "219.95", "squad_size": "31", "average_age": "25.4", "foreigners_number": "5", "foreigners_percentage": "16.1 %", "national_team_players": "8", "stadium_name": "Allianz Parque", "stadium_seats": "43.713 Seats", "net_transfer_record": "+\u20ac30.31m", "coach_name": null, "code": "se-palmeiras-sao-paulo", "name": "Sociedade Esportiva Palmeiras"},
{"type": "club", "href": "/clube-atletico-mineiro/startseite/verein/330", "parent": {"type": "competition", "country_id": "26", "country_name": "Brazil", "country_code": "BRA1", "competition_type": "first_tier", "href": "/campeonato-brasileiro-serie-a/startseite/wettbewerb/BRA1", "seasoned_href": "https://www.transfermarkt.co.uk/campeonato-brasileiro-serie-a/startseite/wettbewerb/BRA1/plus/0?saison_id=2022"}, "total_market_value": "85.20", "squad_size": "30", "average_age": "26.3", "foreigners_number": "7", "foreigners_percentage": "23.3 %", "national_team_players": "5", "stadium_name": "Arena MRV", "stadium_seats": "46.000 Seats", "net_transfer_record": "+\u20ac9.21m", "coach_name": null, "code": "clube-atletico-mineiro", "name": "Clube Atl\u00e9tico Mineiro"},
{"type": "club", "href": "/flamengo-rio-de-janeiro/startseite/verein/614", "parent": {"type": "competition", "country_id": "26", "country_name": "Brazil", "country_code": "BRA1", "competition_type": "first_tier", "href": "/campeonato-brasileiro-serie-a/startseite/wettbewerb/BRA1", "seasoned_href": "https://www.transfermarkt.co.uk/campeonato-brasileiro-serie-a/startseite/wettbewerb/BRA1/plus/0?saison_id=2022"}, "total_market_value": "165.50", "squad_size": "27", "average_age": "25.9", "foreigners_number": "6", "foreigners_percentage": "22.2 %", "national_team_players": "9", "stadium_name": "Est\u00e1dio Jornalista M\u00e1rio Filho", "stadium_seats": "78.838 Seats", "net_transfer_record": "\u20ac-17.25m", "coach_name": null, "code": "flamengo-rio-de-janeiro", "name": "CR Flamengo"},
{"type": "club", "href": "/cuiaba-ec-mt-/startseite/verein/28022", "parent": {"type": "competition", "country_id": "26", "country_name": "Brazil", "country_code": "BRA1", "competition_type": "first_tier", "href": "/campeonato-brasileiro-serie-a/startseite/wettbewerb/BRA1", "seasoned_href": "https://www.transfermarkt.co.uk/campeonato-brasileiro-serie-a/startseite/wettbewerb/BRA1/plus/0?saison_id=2022"}, "total_market_value": "27.05", "squad_size": "32", "average_age": "25.8", "foreigners_number": "2", "foreigners_percentage": "6.3 %", "national_team_players": "0", "stadium_name": "Arena Pantanal", "stadium_seats": "42.968 Seats", "net_transfer_record": "\u20ac-995k", "coach_name": null, "code": "cuiaba-ec-mt-", "name": "Cuiab\u00e1 Esporte Clube (MT)"},
{"type": "club", "href": "/goias-ec/startseite/verein/3197", "parent": {"type": "competition", "country_id": "26", "country_name": "Brazil", "country_code": "BRA1", "competition_type": "first_tier", "href": "/campeonato-brasileiro-serie-a/startseite/wettbewerb/BRA1", "seasoned_href": "https://www.transfermarkt.co.uk/campeonato-brasileiro-serie-a/startseite/wettbewerb/BRA1/plus/0?saison_id=2022"}, "total_market_value": "14.65", "squad_size": "34", "average_age": "27.2", "foreigners_number": "3", "foreigners_percentage": "8.8 %", "national_team_players": "0", "stadium_name": "Est\u00e1dio de Hail\u00e9 Pinheiro", "stadium_seats": "14.525 Seats", "net_transfer_record": "+-0", "coach_name": null, "code": "goias-ec", "name": "Goi\u00e1s EC"},
{"type": "club", "href": "/america-futebol-clube-mg-/startseite/verein/2863", "parent": {"type": "competition", "country_id": "26", "country_name": "Brazil", "country_code": "BRA1", "competition_type": "first_tier", "href": "/campeonato-brasileiro-serie-a/startseite/wettbewerb/BRA1", "seasoned_href": "https://www.transfermarkt.co.uk/campeonato-brasileiro-serie-a/startseite/wettbewerb/BRA1/plus/0?saison_id=2022"}, "total_market_value": "16.90", "squad_size": "29", "average_age": "26.6", "foreigners_number": "1", "foreigners_percentage": "3.4 %", "national_team_players": "0", "stadium_name": "Est\u00e1dio Raimundo Sampaio", "stadium_seats": "25.000 Seats", "net_transfer_record": "+\u20ac15.08m", "coach_name": null, "code": "america-futebol-clube-mg-", "name": "Am\u00e9rica Futebol Clube (MG)"},
{"type": "club", "href": "/fortaleza-esporte-clube/startseite/verein/10870", "parent": {"type": "competition", "country_id": "26", "country_name": "Brazil", "country_code": "BRA1", "competition_type": "first_tier", "href": "/campeonato-brasileiro-serie-a/startseite/wettbewerb/BRA1", "seasoned_href": "https://www.transfermarkt.co.uk/campeonato-brasileiro-serie-a/startseite/wettbewerb/BRA1/plus/0?saison_id=2022"}, "total_market_value": "41.80", "squad_size": "31", "average_age": "28.3", "foreigners_number": "8", "foreigners_percentage": "25.8 %", "national_team_players": "2", "stadium_name": "Est\u00e1dio Governador Pl\u00e1cido Castelo", "stadium_seats": "60.326 Seats", "net_transfer_record": "+\u20ac537k", "coach_name": null, "code": "fortaleza-esporte-clube", "name": "Fortaleza Esporte Clube"},
{"type": "club", "href": "/club-athletico-paranaense/startseite/verein/679", "parent": {"type": "competition", "country_id": "26", "country_name": "Brazil", "country_code": "BRA1", "competition_type": "first_tier", "href": "/campeonato-brasileiro-serie-a/startseite/wettbewerb/BRA1", "seasoned_href": "https://www.transfermarkt.co.uk/campeonato-brasileiro-serie-a/startseite/wettbewerb/BRA1/plus/0?saison_id=2022"}, "total_market_value": "66.90", "squad_size": "32", "average_age": "25.2", "foreigners_number": "9", "foreigners_percentage": "28.1 %", "national_team_players": "3", "stadium_name": "Ligga Arena", "stadium_seats": "42.372 Seats", "net_transfer_record": "+\u20ac33.11m", "coach_name": null, "code": "club-athletico-paranaense", "name": "Club Athletico Paranaense"},
{"type": "club", "href": "/coritiba-fc/startseite/verein/776", "parent": {"type": "competition", "country_id": "26", "country_name": "Brazil", "country_code": "BRA1", "competition_type": "first_tier", "href": "/campeonato-brasileiro-serie-a/startseite/wettbewerb/BRA1", "seasoned_href": "https://www.transfermarkt.co.uk/campeonato-brasileiro-serie-a/startseite/wettbewerb/BRA1/plus/0?saison_id=2022"}, "total_market_value": "23.70", "squad_size": "33", "average_age": "24.9", "foreigners_number": "1", "foreigners_percentage": "3.0 %", "national_team_players": "1", "stadium_name": "Est\u00e1dio Major Ant\u00f4nio Couto Pereira", "stadium_seats": "40.502 Seats", "net_transfer_record": "+\u20ac1.98m", "coach_name": null, "code": "coritiba-fc", "name": "Coritiba Foot Ball Club"},
{"type": "club", "href": "/ec-cruzeiro-belo-horizonte/startseite/verein/609", "parent": {"type": "competition", "country_id": "26", "country_name": "Brazil", "country_code": "BRA1", "competition_type": "first_tier", "href": "/campeonato-brasileiro-serie-a/startseite/wettbewerb/BRA1", "seasoned_href": "https://www.transfermarkt.co.uk/campeonato-brasileiro-serie-a/startseite/wettbewerb/BRA1/plus/0?saison_id=2022"}, "total_market_value": "66.30", "squad_size": "32", "average_age": "25.4", "foreigners_number": "6", "foreigners_percentage": "18.8 %", "national_team_players": "1", "stadium_name": "Est\u00e1dio Governador Magalh\u00e3es Pinto", "stadium_seats": "61.927 Seats", "net_transfer_record": "\u20ac-1.91m", "coach_name": null, "code": "ec-cruzeiro-belo-horizonte", "name": "Cruzeiro Esporte Clube"},
{"type": "club", "href": "/vasco-da-gama-rio-de-janeiro/startseite/verein/978", "parent": {"type": "competition", "country_id": "26", "country_name": "Brazil", "country_code": "BRA1", "competition_type": "first_tier", "href": "/campeonato-brasileiro-serie-a/startseite/wettbewerb/BRA1", "seasoned_href": "https://www.transfermarkt.co.uk/campeonato-brasileiro-serie-a/startseite/wettbewerb/BRA1/plus/0?saison_id=2022"}, "total_market_value": "69.30", "squad_size": "30", "average_age": "26.7", "foreigners_number": "8", "foreigners_percentage": "26.7 %", "national_team_players": "5", "stadium_name": "Est\u00e1dio S\u00e3o Janu\u00e1rio", "stadium_seats": "24.584 Seats", "net_transfer_record": "+\u20ac5.77m", "coach_name": null, "code": "vasco-da-gama-rio-de-janeiro", "name": "Clube de Regatas Vasco da Gama"},
{"type": "club", "href": "/esporte-clube-bahia/startseite/verein/10010", "parent": {"type": "competition", "country_id": "26", "country_name": "Brazil", "country_code": "BRA1", "competition_type": "first_tier", "href": "/campeonato-brasileiro-serie-a/startseite/wettbewerb/BRA1", "seasoned_href": "https://www.transfermarkt.co.uk/campeonato-brasileiro-serie-a/startseite/wettbewerb/BRA1/plus/0?saison_id=2022"}, "total_market_value": "60.95", "squad_size": "27", "average_age": "28.3", "foreigners_number": "6", "foreigners_percentage": "22.2 %", "national_team_players": "1", "stadium_name": "Arena Fonte Nova", "stadium_seats": "47.364 Seats", "net_transfer_record": "\u20ac-17.28m", "coach_name": null, "code": "esporte-clube-bahia", "name": "Esporte Clube Bahia"},
{"type": "club", "href": "/red-bull-bragantino/startseite/verein/8793", "parent": {"type": "competition", "country_id": "26", "country_name": "Brazil", "country_code": "BRA1", "competition_type": "first_tier", "href": "/campeonato-brasileiro-serie-a/startseite/wettbewerb/BRA1", "seasoned_href": "https://www.transfermarkt.co.uk/campeonato-brasileiro-serie-a/startseite/wettbewerb/BRA1/plus/0?saison_id=2022"}, "total_market_value": "75.40", "squad_size": "29", "average_age": "24.1", "foreigners_number": "5", "foreigners_percentage": "17.2 %", "national_team_players": "5", "stadium_name": "Est\u00e1dio Nabi Abi Chedid", "stadium_seats": "15.010 Seats", "net_transfer_record": "+\u20ac13.50m", "coach_name": null, "code": "red-bull-bragantino", "name": "Red Bull Bragantino"}
]